Date,Open,High,Low,Close,Volume,Time
2023-10-03,869.9,870.4,869.05,869.45,8200,13:55:00
2023-10-03,869.45,869.65,868.65,869.15,8897,14:00:00
2023-10-03,869.15,869.3,867.8,867.9,14442,14:05:00
2023-10-03,867.9,868.65,867.5,868.0,6776,14:10:00
2023-10-03,867.65,868.0,867.55,867.8,4833,14:15:00
2023-10-03,867.8,868.95,867.5,868.55,14680,14:20:00
2023-10-03,868.2,869.75,868.2,869.55,20219,14:25:00
2023-10-03,869.85,870.65,869.8,870.3,10765,14:30:00
2023-10-03,870.3,871.4,870.0,871.05,9589,14:35:00
2023-10-03,871.15,871.3,870.9,871.05,10262,14:40:00
2023-10-03,871.2,871.95,870.9,871.65,5909,14:45:00
2023-10-03,871.65,871.65,870.9,871.05,18439,14:50:00
2023-10-03,871.05,871.9,870.35,871.55,20609,14:55:00
2023-10-03,871.55,872.0,871.5,871.65,21543,15:00:00
2023-10-03,871.65,871.7,871.5,871.6,25079,15:05:00
2023-10-03,871.5,871.65,871.05,871.5,39569,15:10:00
2023-10-03,871.05,872.55,870.75,872.45,32797,15:15:00
2023-10-03,872.15,872.5,872.0,872.3,52785,15:20:00
2023-10-03,872.45,874.0,871.95,873.85,36841,15:25:00
2023-10-03,871.9,871.9,871.9,871.9,0,15:30:00
2023-10-04,865.7,869.65,865.7,868.8,18302,09:15:00
2023-10-04,868.8,869.25,867.8,869.25,14123,09:20:00
2023-10-04,869.25,869.8,867.7,868.75,9018,09:25:00
2023-10-04,868.4,868.7,864.7,865.0,14814,09:30:00
2023-10-04,864.65,867.1,864.5,866.05,12140,09:35:00
2023-10-04,866.1,866.95,865.15,866.25,7132,09:40:00
2023-10-04,866.25,868.5,866.0,868.45,7220,09:45:00
2023-10-04,868.05,868.45,866.2,866.8,5914,09:50:00
2023-10-04,866.8,866.8,865.0,865.4,9843,09:55:00
2023-10-04,865.4,865.9,864.5,865.9,7858,10:00:00
2023-10-04,865.95,866.75,865.3,866.5,5447,10:05:00
2023-10-04,866.1,866.3,865.0,865.0,4463,10:10:00
2023-10-04,865.0,866.0,865.0,865.65,8201,10:15:00
2023-10-04,865.35,865.8,864.75,865.1,12106,10:20:00
2023-10-04,865.1,866.0,865.1,865.35,4542,10:25:00
2023-10-04,865.15,866.95,865.15,866.9,10305,10:30:00
2023-10-04,866.9,867.55,866.35,867.4,4282,10:35:00
2023-10-04,867.4,867.45,866.1,867.05,4985,10:40:00
2023-10-04,867.05,867.05,866.45,866.7,3019,10:45:00
2023-10-04,866.7,868.0,866.55,868.0,8106,10:50:00
2023-10-04,867.95,868.4,866.0,866.95,8609,10:55:00
2023-10-04,866.95,867.75,866.95,867.35,5399,11:00:00
2023-10-04,867.35,867.8,866.95,867.2,3597,11:05:00
2023-10-04,867.5,868.95,867.2,868.5,10005,11:10:00
2023-10-04,868.5,869.0,867.3,867.6,6499,11:15:00
2023-10-04,867.6,867.6,867.0,867.35,2849,11:20:00
2023-10-04,867.35,867.75,866.2,867.75,6045,11:25:00
2023-10-04,867.4,868.25,867.05,868.25,4949,11:30:00
2023-10-04,868.25,868.5,867.0,867.4,2617,11:35:00
2023-10-04,867.4,868.55,867.2,867.9,6442,11:40:00
2023-10-04,867.9,868.35,866.3,866.75,9297,11:45:00
2023-10-04,866.75,866.75,865.0,865.0,7004,11:50:00
2023-10-04,865.05,865.55,861.6,861.65,23086,11:55:00
2023-10-04,861.65,861.9,860.75,861.9,10492,12:00:00
2023-10-04,861.5,861.9,860.8,861.15,10906,12:05:00
2023-10-04,860.75,862.0,859.6,861.85,26278,12:10:00
2023-10-04,861.85,862.1,860.35,861.15,8465,12:15:00
2023-10-04,861.15,862.0,860.75,861.4,2321,12:20:00
2023-10-04,861.45,861.45,860.0,860.35,4136,12:25:00
2023-10-04,860.0,861.3,859.5,860.85,7974,12:30:00
2023-10-04,860.85,861.2,860.05,860.65,3344,12:35:00
2023-10-04,860.6,860.95,860.0,860.85,11216,12:40:00
2023-10-04,860.9,861.2,860.0,860.3,14947,12:45:00
2023-10-04,860.3,860.3,859.9,859.9,2252,12:50:00
2023-10-04,859.8,859.8,857.55,857.55,10107,12:55:00
2023-10-04,857.95,859.0,857.0,857.55,10895,13:00:00
2023-10-04,857.75,858.15,855.1,856.3,14938,13:05:00
2023-10-04,856.3,858.7,856.2,858.65,4554,13:10:00
2023-10-04,858.65,859.15,858.0,859.15,5617,13:15:00
2023-10-04,859.0,859.0,857.55,858.8,3860,13:20:00
2023-10-04,858.8,859.0,858.0,858.0,5080,13:25:00
2023-10-04,857.5,858.1,857.15,857.8,2321,13:30:00
2023-10-04,857.8,858.25,857.35,858.25,3176,13:35:00
2023-10-04,858.3,859.2,858.05,858.7,1967,13:40:00
2023-10-04,858.5,858.9,858.05,858.75,3193,13:45:00
2023-10-04,858.5,858.8,857.7,858.4,3188,13:50:00
2023-10-04,858.7,859.1,858.4,858.4,2439,13:55:00
2023-10-04,858.6,858.6,857.7,858.35,3668,14:00:00
2023-10-04,858.5,859.0,857.85,858.4,3609,14:05:00
2023-10-04,858.5,860.0,858.35,858.9,4022,14:10:00
2023-10-04,858.9,860.0,858.7,859.95,4288,14:15:00
2023-10-04,859.95,859.95,859.3,859.45,2420,14:20:00
2023-10-04,859.7,860.0,858.7,859.05,4528,14:25:00
2023-10-04,859.05,862.1,858.8,861.6,18226,14:30:00
2023-10-04,861.6,862.3,861.35,861.35,6205,14:35:00
2023-10-04,861.7,862.4,861.35,861.95,8453,14:40:00
2023-10-04,861.95,862.95,861.75,862.6,3962,14:45:00
2023-10-04,862.6,862.7,862.0,862.55,5071,14:50:00
2023-10-04,862.5,862.85,862.05,862.85,4577,14:55:00
2023-10-04,862.65,865.6,862.0,865.0,25850,15:00:00
2023-10-04,865.1,865.35,865.0,865.0,9915,15:05:00
2023-10-04,865.0,865.5,864.95,865.5,11593,15:10:00
2023-10-04,865.25,865.3,865.0,865.25,13930,15:15:00
2023-10-04,865.15,865.2,865.0,865.1,19436,15:20:00
2023-10-04,865.0,866.0,865.0,865.0,31286,15:25:00
2023-10-04,864.75,864.75,864.75,864.75,0,15:30:00
2023-10-05,866.25,866.25,862.55,863.65,24167,09:15:00
2023-10-05,863.5,865.25,863.0,865.0,14054,09:20:00
2023-10-05,865.0,866.65,864.5,865.35,16173,09:25:00
2023-10-05,865.35,865.85,864.55,865.85,15713,09:30:00
2023-10-05,866.75,866.8,866.0,866.5,7222,09:35:00
2023-10-05,866.45,867.9,866.45,866.5,10733,09:40:00
2023-10-05,866.45,869.25,866.45,868.4,14600,09:45:00
2023-10-05,868.4,868.45,865.75,867.6,11919,09:50:00
2023-10-05,867.5,867.95,866.25,866.9,8808,09:55:00
2023-10-05,866.9,867.0,865.2,865.7,7129,10:00:00
2023-10-05,865.65,866.1,865.2,865.55,5898,10:05:00
2023-10-05,865.35,866.95,865.05,865.5,8663,10:10:00
2023-10-05,865.5,866.5,865.05,866.3,5906,10:15:00
2023-10-05,866.2,866.35,864.6,864.6,5989,10:20:00
2023-10-05,864.75,864.8,861.2,861.2,16751,10:25:00
2023-10-05,861.7,861.7,860.05,860.3,10796,10:30:00
2023-10-05,860.35,860.85,858.2,859.0,15291,10:35:00
2023-10-05,859.05,859.6,858.4,859.2,5279,10:40:00
2023-10-05,859.2,862.9,859.0,862.35,11639,10:45:00
2023-10-05,863.0,864.5,862.45,862.95,7858,10:50:00
2023-10-05,862.95,864.55,861.75,862.0,4858,10:55:00
2023-10-05,861.6,862.45,861.5,861.65,3373,11:00:00
2023-10-05,861.5,861.85,860.8,861.6,3926,11:05:00
2023-10-05,861.4,862.55,861.2,862.2,3245,11:10:00
2023-10-05,862.2,863.0,862.0,862.5,6650,11:15:00
2023-10-05,862.5,863.0,862.4,862.4,1818,11:20:00
2023-10-05,862.4,862.4,861.2,861.6,4351,11:25:00
2023-10-05,861.5,862.4,861.2,861.4,5701,11:30:00
2023-10-05,861.4,862.75,860.55,860.6,6606,11:35:00
2023-10-05,860.65,860.95,857.6,858.0,32919,11:40:00
2023-10-05,858.15,858.75,857.5,858.05,12342,11:45:00
2023-10-05,858.05,859.5,857.85,858.2,5315,11:50:00
2023-10-05,858.2,860.0,858.2,859.85,8095,11:55:00
2023-10-05,859.85,861.1,859.0,860.5,7619,12:00:00
2023-10-05,860.25,861.05,859.2,859.85,4574,12:05:00
2023-10-05,859.7,860.2,859.0,859.4,5255,12:10:00
2023-10-05,860.25,860.25,858.35,858.75,5832,12:15:00
2023-10-05,858.55,859.45,858.15,859.05,3504,12:20:00
2023-10-05,859.05,859.6,858.9,859.5,2313,12:25:00
2023-10-05,859.35,860.75,859.0,860.75,4836,12:30:00
2023-10-05,860.75,863.0,860.1,862.75,10262,12:35:00
2023-10-05,862.75,863.3,862.0,862.3,6615,12:40:00
2023-10-05,862.3,862.8,862.0,862.45,5454,12:45:00
2023-10-05,862.5,862.5,862.0,862.05,3184,12:50:00
2023-10-05,862.0,862.5,861.9,862.2,4775,12:55:00
2023-10-05,862.2,862.5,862.0,862.3,3652,13:00:00
2023-10-05,862.35,862.35,862.0,862.0,6168,13:05:00
2023-10-05,862.05,862.5,862.0,862.45,3800,13:10:00
2023-10-05,862.25,862.25,862.0,862.15,4396,13:15:00
2023-10-05,862.45,862.45,862.0,862.05,1987,13:20:00
2023-10-05,862.05,862.5,862.0,862.35,2733,13:25:00
2023-10-05,863.05,863.05,862.1,862.35,5073,13:30:00
2023-10-05,862.25,862.85,862.1,862.3,16950,13:35:00
2023-10-05,862.15,862.3,862.0,862.0,9780,13:40:00
2023-10-05,862.0,862.5,862.0,862.2,2615,13:45:00
2023-10-05,862.2,862.5,862.0,862.0,3837,13:50:00
2023-10-05,862.05,862.1,861.9,862.05,3986,13:55:00
2023-10-05,862.0,862.05,860.1,860.3,10870,14:00:00
2023-10-05,860.25,860.55,859.6,860.05,10193,14:05:00
2023-10-05,860.05,861.35,859.4,859.65,20594,14:10:00
2023-10-05,859.65,860.9,859.65,860.7,8796,14:15:00
2023-10-05,860.55,860.85,860.05,860.2,3927,14:20:00
2023-10-05,860.15,861.0,860.15,860.8,3555,14:25:00
2023-10-05,860.7,861.05,860.35,860.7,2600,14:30:00
2023-10-05,860.85,861.2,860.0,861.0,6202,14:35:00
2023-10-05,861.2,861.2,859.75,860.05,6182,14:40:00
2023-10-05,860.0,860.1,859.0,859.35,4926,14:45:00
2023-10-05,859.35,860.3,859.2,859.4,4794,14:50:00
2023-10-05,859.4,860.35,859.1,859.65,6819,14:55:00
2023-10-05,859.45,860.65,858.1,859.3,41682,15:00:00
2023-10-05,859.4,859.95,859.0,859.4,22918,15:05:00
2023-10-05,859.4,861.2,859.05,861.0,35596,15:10:00
2023-10-05,860.85,861.75,860.5,860.75,29533,15:15:00
2023-10-05,860.65,861.2,860.35,861.1,32886,15:20:00
2023-10-05,861.1,862.05,859.25,861.7,44707,15:25:00
2023-10-05,860.2,860.2,860.2,860.2,0,15:30:00
2023-10-06,864.05,866.5,863.1,864.8,25286,09:15:00
2023-10-06,865.2,868.45,865.2,868.0,22332,09:20:00
2023-10-06,867.6,872.4,867.45,872.0,28682,09:25:00
2023-10-06,872.0,874.85,871.45,873.5,50407,09:30:00
2023-10-06,874.1,874.95,872.25,872.25,32621,09:35:00
2023-10-06,872.25,873.0,867.55,868.9,51683,09:40:00
2023-10-06,868.9,871.0,868.35,870.8,10234,09:45:00
2023-10-06,870.75,872.0,870.0,871.9,14928,09:50:00
2023-10-06,871.5,871.95,870.65,870.65,5971,09:55:00
2023-10-06,870.7,874.4,870.5,874.3,28172,10:00:00
2023-10-06,874.3,875.0,872.15,872.2,14658,10:05:00
2023-10-06,872.2,874.45,872.2,874.4,11993,10:10:00
2023-10-06,874.9,877.3,872.9,876.45,54010,10:15:00
2023-10-06,875.85,877.0,873.4,873.5,25346,10:20:00
2023-10-06,873.4,874.8,873.4,874.0,11884,10:25:00
2023-10-06,874.0,875.7,873.85,875.3,8861,10:30:00
2023-10-06,875.3,875.5,874.35,874.8,8666,10:35:00
2023-10-06,874.6,875.55,874.35,875.45,6972,10:40:00
2023-10-06,875.5,875.5,873.65,874.0,9162,10:45:00
2023-10-06,874.0,875.0,873.8,874.85,6468,10:50:00
2023-10-06,874.85,875.75,874.6,875.75,10821,10:55:00
2023-10-06,875.8,875.8,873.5,874.2,8086,11:00:00
2023-10-06,874.2,874.2,872.6,872.6,7048,11:05:00
2023-10-06,872.45,874.4,872.4,874.05,9654,11:10:00
2023-10-06,874.05,875.0,873.05,873.45,12756,11:15:00
2023-10-06,873.45,873.95,873.05,873.45,6054,11:20:00
2023-10-06,873.4,873.75,873.0,873.4,6427,11:25:00
2023-10-06,873.4,873.45,872.0,872.5,12335,11:30:00
2023-10-06,872.5,873.3,872.1,872.4,9216,11:35:00
2023-10-06,872.5,873.15,872.05,872.1,5586,11:40:00
2023-10-06,872.4,873.15,872.05,872.5,5341,11:45:00
2023-10-06,872.65,872.65,872.05,872.2,6422,11:50:00
2023-10-06,872.25,872.6,872.0,872.1,5625,11:55:00
2023-10-06,872.45,872.45,870.9,871.3,13276,12:00:00
2023-10-06,871.3,872.0,870.55,871.4,10243,12:05:00
2023-10-06,871.45,872.7,871.15,872.65,6154,12:10:00
2023-10-06,872.65,872.7,871.35,871.5,9251,12:15:00
2023-10-06,871.5,872.8,870.0,870.15,15929,12:20:00
2023-10-06,870.15,871.75,870.0,870.9,7025,12:25:00
2023-10-06,871.3,871.55,870.35,871.0,5322,12:30:00
2023-10-06,871.3,871.3,870.2,870.95,4423,12:35:00
2023-10-06,870.65,871.5,870.35,870.7,5240,12:40:00
2023-10-06,870.7,870.7,870.0,870.05,4798,12:45:00
2023-10-06,870.05,871.45,870.0,870.9,7632,12:50:00
2023-10-06,870.95,870.95,870.0,870.05,10472,12:55:00
2023-10-06,870.2,871.25,870.0,870.45,5635,13:00:00
2023-10-06,870.5,870.85,870.05,870.8,3713,13:05:00
2023-10-06,870.8,872.2,870.35,872.2,6035,13:10:00
2023-10-06,872.15,872.65,871.05,871.35,13857,13:15:00
2023-10-06,871.35,873.35,871.1,872.8,11607,13:20:00
2023-10-06,872.95,873.0,872.0,872.35,3649,13:25:00
2023-10-06,872.35,872.35,871.7,872.05,3766,13:30:00
2023-10-06,872.15,873.0,872.0,872.6,7729,13:35:00
2023-10-06,872.6,872.75,872.25,872.45,4726,13:40:00
2023-10-06,872.45,873.0,872.1,873.0,8762,13:45:00
2023-10-06,873.0,873.5,872.3,872.65,7904,13:50:00
2023-10-06,872.45,873.3,872.45,872.85,3542,13:55:00
2023-10-06,872.75,873.9,872.4,873.25,7399,14:00:00
2023-10-06,873.3,873.85,873.05,873.55,5848,14:05:00
2023-10-06,873.55,874.5,873.5,873.95,13012,14:10:00
2023-10-06,874.0,874.3,873.95,874.1,5858,14:15:00
2023-10-06,874.15,874.5,872.55,872.95,9863,14:20:00
2023-10-06,872.95,873.7,872.55,873.45,11034,14:25:00
2023-10-06,873.6,874.0,873.05,873.6,5536,14:30:00
2023-10-06,873.35,873.9,872.8,873.2,6406,14:35:00
2023-10-06,873.15,873.95,872.7,873.7,11041,14:40:00
2023-10-06,873.6,874.45,873.25,873.9,16085,14:45:00
2023-10-06,874.25,874.25,873.4,873.5,4382,14:50:00
2023-10-06,873.6,873.6,872.5,872.95,7588,14:55:00
2023-10-06,872.95,873.65,872.8,873.3,7848,15:00:00
2023-10-06,873.45,875.95,873.35,874.85,38165,15:05:00
2023-10-06,875.0,875.0,874.25,874.45,10980,15:10:00
2023-10-06,874.55,875.85,874.2,875.05,30126,15:15:00
2023-10-06,875.0,876.05,873.9,875.75,33248,15:20:00
2023-10-06,875.7,876.0,874.15,874.45,21170,15:25:00
2023-10-06,874.75,874.75,874.75,874.75,0,15:30:00
2023-10-09,867.0,873.15,867.0,869.9,39704,09:15:00
2023-10-09,870.5,871.0,867.65,869.75,19870,09:20:00
2023-10-09,869.8,872.95,868.65,872.0,15862,09:25:00
2023-10-09,872.0,874.9,871.0,874.45,14659,09:30:00
2023-10-09,874.05,874.4,871.85,872.45,10254,09:35:00
2023-10-09,872.45,874.95,872.15,874.2,11816,09:40:00
2023-10-09,874.5,876.6,874.2,876.4,23218,09:45:00
2023-10-09,876.0,877.25,875.55,876.1,20247,09:50:00
2023-10-09,876.1,876.5,873.45,874.05,12596,09:55:00
2023-10-09,873.9,875.0,873.0,873.7,12565,10:00:00
2023-10-09,873.7,875.0,872.45,875.0,7140,10:05:00
2023-10-09,874.5,875.0,873.4,873.85,7016,10:10:00
2023-10-09,873.35,875.95,873.35,875.05,12255,10:15:00
2023-10-09,875.0,877.25,874.95,876.9,26928,10:20:00
2023-10-09,876.95,879.45,876.95,878.75,26781,10:25:00
2023-10-09,878.75,880.8,878.7,878.7,40011,10:30:00
2023-10-09,878.55,879.2,877.25,877.55,16082,10:35:00
2023-10-09,877.55,878.6,876.1,878.6,17712,10:40:00
2023-10-09,878.15,879.1,877.05,878.0,14722,10:45:00
2023-10-09,877.75,877.75,876.15,876.75,7826,10:50:00
2023-10-09,876.5,878.1,876.5,877.85,6667,10:55:00
2023-10-09,878.1,878.1,876.5,877.0,6958,11:00:00
2023-10-09,876.65,878.5,876.65,878.35,7842,11:05:00
2023-10-09,878.2,878.5,876.65,876.8,6664,11:10:00
2023-10-09,876.7,877.35,875.0,875.8,13589,11:15:00
2023-10-09,875.8,876.45,875.0,876.45,6089,11:20:00
2023-10-09,875.95,876.55,875.1,876.45,4091,11:25:00
2023-10-09,876.05,876.45,875.55,876.45,4757,11:30:00
2023-10-09,876.0,877.6,875.5,877.0,14769,11:35:00
2023-10-09,877.05,878.25,876.9,877.95,5949,11:40:00
2023-10-09,877.4,878.0,877.4,877.9,4156,11:45:00
2023-10-09,877.55,877.9,876.2,876.6,6657,11:50:00
2023-10-09,876.15,877.6,876.15,876.8,4566,11:55:00
2023-10-09,876.5,877.95,876.15,877.95,7868,12:00:00
2023-10-09,877.95,878.45,877.35,877.75,13103,12:05:00
2023-10-09,877.3,877.9,877.05,877.7,4275,12:10:00
2023-10-09,877.2,877.7,876.05,876.6,6592,12:15:00
2023-10-09,876.6,877.6,876.1,877.4,7140,12:20:00
2023-10-09,876.9,877.5,876.15,877.05,6432,12:25:00
2023-10-09,877.15,877.45,876.25,876.8,5323,12:30:00
2023-10-09,876.8,879.45,876.3,877.15,17358,12:35:00
2023-10-09,877.15,877.65,876.5,877.6,5527,12:40:00
2023-10-09,877.55,878.9,877.05,877.1,17816,12:45:00
2023-10-09,877.5,877.75,876.55,877.2,8389,12:50:00
2023-10-09,876.9,877.4,875.85,875.85,14268,12:55:00
2023-10-09,876.4,876.45,874.3,874.3,19852,13:00:00
2023-10-09,874.3,875.8,874.3,875.6,12840,13:05:00
2023-10-09,875.05,875.35,874.15,874.3,9868,13:10:00
2023-10-09,874.9,876.2,874.55,876.2,11153,13:15:00
2023-10-09,876.05,877.2,875.65,876.05,13646,13:20:00
2023-10-09,876.05,877.55,875.95,876.7,10806,13:25:00
2023-10-09,876.6,878.0,876.35,878.0,14656,13:30:00
2023-10-09,878.0,879.15,877.4,877.95,27747,13:35:00
2023-10-09,877.95,878.8,877.3,877.55,9918,13:40:00
2023-10-09,877.7,877.75,876.7,877.2,9666,13:45:00
2023-10-09,876.95,877.0,876.15,876.55,10452,13:50:00
2023-10-09,876.5,878.95,876.3,878.05,19056,13:55:00
2023-10-09,878.3,879.0,877.95,878.3,11577,14:00:00
2023-10-09,878.05,878.8,877.45,877.95,11954,14:05:00
2023-10-09,877.95,879.6,877.75,878.5,22726,14:10:00
2023-10-09,878.65,879.4,877.15,877.65,11663,14:15:00
2023-10-09,876.9,879.05,876.9,878.9,21329,14:20:00
2023-10-09,878.3,881.5,878.3,881.0,44209,14:25:00
2023-10-09,880.85,881.0,879.2,879.45,16339,14:30:00
2023-10-09,879.3,880.95,879.3,880.9,15733,14:35:00
2023-10-09,880.5,881.0,880.2,880.7,17957,14:40:00
2023-10-09,880.7,881.95,880.65,880.8,22215,14:45:00
2023-10-09,881.0,883.5,880.8,883.0,47461,14:50:00
2023-10-09,882.4,883.05,881.25,881.95,19667,14:55:00
2023-10-09,881.95,883.85,881.55,882.9,30635,15:00:00
2023-10-09,882.95,882.95,879.8,880.9,37239,15:05:00
2023-10-09,880.9,882.1,879.8,880.1,28384,15:10:00
2023-10-09,880.1,881.1,879.25,880.0,39742,15:15:00
2023-10-09,880.15,880.85,879.8,879.9,32366,15:20:00
2023-10-09,880.35,880.75,878.5,879.65,35060,15:25:00
2023-10-09,880.65,880.65,880.65,880.65,0,15:30:00
2023-10-10,885.85,887.0,884.0,884.35,46798,09:15:00
2023-10-10,884.35,886.6,884.0,884.45,26290,09:20:00
2023-10-10,884.9,885.0,882.9,884.1,20397,09:25:00
2023-10-10,884.15,884.7,883.2,883.75,9785,09:30:00
2023-10-10,883.5,884.5,883.0,884.5,7644,09:35:00
2023-10-10,884.65,884.85,883.75,884.6,6126,09:40:00
2023-10-10,884.2,885.0,884.0,884.7,7552,09:45:00
2023-10-10,884.7,885.0,883.25,883.35,4321,09:50:00
2023-10-10,883.35,883.8,882.25,882.9,12148,09:55:00
2023-10-10,882.9,886.4,882.8,885.5,13935,10:00:00
2023-10-10,885.5,886.95,885.35,886.8,13883,10:05:00
2023-10-10,886.95,888.75,886.25,888.2,43116,10:10:00
2023-10-10,888.2,888.55,887.15,887.95,14498,10:15:00
2023-10-10,887.95,888.5,887.65,888.45,8215,10:20:00
2023-10-10,888.25,890.8,888.2,890.05,38663,10:25:00
2023-10-10,890.15,892.4,890.1,892.4,58293,10:30:00
2023-10-10,892.15,892.4,891.6,892.25,29149,10:35:00
2023-10-10,892.2,892.25,889.95,890.25,18578,10:40:00
2023-10-10,890.25,891.0,889.2,890.45,22285,10:45:00
2023-10-10,890.45,890.95,889.55,890.0,8818,10:50:00
2023-10-10,890.0,890.65,888.5,888.7,17568,10:55:00
2023-10-10,889.0,889.0,888.5,888.65,6963,11:00:00
2023-10-10,888.8,889.25,888.3,888.9,6101,11:05:00
2023-10-10,889.1,889.1,887.8,888.7,6942,11:10:00
2023-10-10,888.65,889.45,888.05,889.15,10887,11:15:00
2023-10-10,889.15,889.4,888.4,889.0,5523,11:20:00
2023-10-10,889.0,889.0,888.55,888.9,4210,11:25:00
2023-10-10,889.0,890.0,888.4,890.0,5029,11:30:00
2023-10-10,890.0,890.0,888.7,888.7,5745,11:35:00
2023-10-10,889.3,889.7,888.85,889.7,4868,11:40:00
2023-10-10,889.55,889.95,889.15,889.15,5335,11:45:00
2023-10-10,889.0,890.0,888.5,889.0,4587,11:50:00
2023-10-10,889.0,889.5,888.5,889.35,5462,11:55:00
2023-10-10,889.2,890.0,889.0,889.85,5421,12:00:00
2023-10-10,889.6,889.6,888.05,888.7,10306,12:05:00
2023-10-10,888.7,888.7,886.8,886.85,12164,12:10:00
2023-10-10,886.9,888.0,886.6,888.0,6415,12:15:00
2023-10-10,888.0,888.4,887.05,888.25,3345,12:20:00
2023-10-10,888.25,888.25,887.3,887.9,3806,12:25:00
2023-10-10,887.9,888.85,887.35,887.65,7684,12:30:00
2023-10-10,887.7,888.9,887.7,888.25,5634,12:35:00
2023-10-10,888.65,888.65,887.8,888.15,4398,12:40:00
2023-10-10,888.15,888.7,888.1,888.6,4112,12:45:00
2023-10-10,888.6,888.6,887.5,887.5,4746,12:50:00
2023-10-10,887.7,888.0,887.25,887.95,5585,12:55:00
2023-10-10,887.95,888.25,887.2,887.5,3691,13:00:00
2023-10-10,887.5,887.9,887.2,887.85,11709,13:05:00
2023-10-10,887.85,887.85,886.4,886.45,6137,13:10:00
2023-10-10,886.7,887.95,886.7,887.05,5652,13:15:00
2023-10-10,887.05,887.05,886.25,886.3,2608,13:20:00
2023-10-10,886.7,886.8,885.6,886.0,4916,13:25:00
2023-10-10,885.95,886.4,885.5,886.05,6492,13:30:00
2023-10-10,886.05,886.85,885.2,886.45,8509,13:35:00
2023-10-10,886.45,886.65,885.4,885.9,3290,13:40:00
2023-10-10,885.9,886.3,885.2,885.55,3924,13:45:00
2023-10-10,885.9,885.9,885.5,885.5,2945,13:50:00
2023-10-10,885.8,886.0,885.5,885.8,3077,13:55:00
2023-10-10,885.75,885.8,884.7,885.5,12044,14:00:00
2023-10-10,885.5,885.8,884.95,885.55,4261,14:05:00
2023-10-10,885.4,885.7,884.85,885.5,2700,14:10:00
2023-10-10,885.5,885.8,885.25,885.8,4388,14:15:00
2023-10-10,885.8,887.5,885.8,886.95,10841,14:20:00
2023-10-10,887.0,887.65,886.5,887.3,9008,14:25:00
2023-10-10,887.3,889.5,887.05,888.95,28173,14:30:00
2023-10-10,888.9,890.0,888.4,889.95,15990,14:35:00
2023-10-10,889.95,890.0,888.9,889.9,12501,14:40:00
2023-10-10,889.9,890.0,889.25,889.8,11389,14:45:00
2023-10-10,889.8,891.0,889.55,890.5,15328,14:50:00
2023-10-10,890.6,890.85,889.1,889.5,14726,14:55:00
2023-10-10,889.9,890.0,888.05,888.4,7671,15:00:00
2023-10-10,888.45,889.6,888.25,889.25,16816,15:05:00
2023-10-10,889.6,889.75,888.3,888.5,11948,15:10:00
2023-10-10,888.5,888.85,888.05,888.55,19923,15:15:00
2023-10-10,888.55,888.95,888.45,888.65,14666,15:20:00
2023-10-10,888.8,890.0,888.05,888.1,21673,15:25:00
2023-10-10,888.75,888.75,888.75,888.75,0,15:30:00
2023-10-11,891.45,895.75,891.45,894.0,47233,09:15:00
2023-10-11,894.0,896.3,893.15,896.25,62466,09:20:00
2023-10-11,896.3,897.0,895.0,896.1,45178,09:25:00
2023-10-11,896.05,896.7,893.8,893.8,21013,09:30:00
2023-10-11,893.8,895.75,893.65,894.9,18006,09:35:00
2023-10-11,894.5,894.95,893.65,894.15,11432,09:40:00
2023-10-11,894.15,894.35,892.5,892.7,14555,09:45:00
2023-10-11,892.8,893.0,892.4,892.7,10017,09:50:00
2023-10-11,892.8,893.95,892.6,893.5,11698,09:55:00
2023-10-11,893.5,895.0,893.15,895.0,13950,10:00:00
2023-10-11,894.95,895.0,893.6,894.7,47808,10:05:00
2023-10-11,894.4,894.95,893.75,894.15,10917,10:10:00
2023-10-11,893.9,895.0,893.65,894.95,9989,10:15:00
2023-10-11,894.75,895.0,894.45,894.9,30949,10:20:00
2023-10-11,895.0,895.0,894.4,894.65,41359,10:25:00
2023-10-11,894.65,895.0,894.35,895.0,5882,10:30:00
2023-10-11,894.7,895.0,894.1,894.1,5218,10:35:00
2023-10-11,894.1,895.0,894.1,894.65,6736,10:40:00
2023-10-11,894.5,895.0,894.1,894.1,6128,10:45:00
2023-10-11,894.1,894.8,894.0,894.0,5674,10:50:00
2023-10-11,894.0,894.45,893.3,894.45,5484,10:55:00
2023-10-11,894.05,895.0,894.0,894.5,7526,11:00:00
2023-10-11,894.5,894.9,893.35,893.7,5342,11:05:00
2023-10-11,893.7,894.2,893.3,893.65,7544,11:10:00
2023-10-11,893.65,894.4,892.95,893.85,7061,11:15:00
2023-10-11,893.85,894.4,893.5,893.9,3586,11:20:00
2023-10-11,893.9,894.0,892.85,893.25,4834,11:25:00
2023-10-11,893.25,893.5,892.45,892.45,7481,11:30:00
2023-10-11,892.45,893.95,892.45,893.5,7361,11:35:00
2023-10-11,893.5,893.5,892.15,892.75,7958,11:40:00
2023-10-11,892.75,893.5,892.2,893.5,20418,11:45:00
2023-10-11,893.05,893.55,892.15,893.45,12601,11:50:00
2023-10-11,893.45,893.65,893.1,893.65,785,11:55:00
2023-10-11,893.65,894.5,893.5,894.5,8572,12:00:00
2023-10-11,894.5,896.3,894.3,895.5,20098,12:05:00
2023-10-11,895.5,896.25,895.15,896.1,9124,12:10:00
2023-10-11,896.1,896.3,894.9,895.0,9210,12:15:00
2023-10-11,895.0,895.0,894.2,894.65,4283,12:20:00
2023-10-11,894.65,894.75,893.0,893.6,12895,12:25:00
2023-10-11,893.5,893.8,892.85,893.5,6654,12:30:00
2023-10-11,893.6,893.65,892.7,893.55,5450,12:35:00
2023-10-11,893.05,893.65,892.65,893.65,5935,12:40:00
2023-10-11,893.65,894.5,893.5,894.5,11299,12:45:00
2023-10-11,894.05,894.6,893.95,894.4,3056,12:50:00
2023-10-11,893.95,894.45,892.7,892.75,8296,12:55:00
2023-10-11,893.2,893.4,892.25,893.1,11716,13:00:00
2023-10-11,893.1,893.45,892.55,892.9,1654,13:05:00
2023-10-11,892.55,893.2,892.4,892.9,1553,13:10:00
2023-10-11,892.9,893.0,892.0,892.8,9445,13:15:00
2023-10-11,892.35,893.05,891.5,892.1,7719,13:20:00
2023-10-11,891.6,894.0,891.5,894.0,30876,13:25:00
2023-10-11,893.7,894.0,892.4,892.85,4502,13:30:00
2023-10-11,892.45,893.1,891.2,891.8,6587,13:35:00
2023-10-11,891.3,892.0,891.1,891.45,5267,13:40:00
2023-10-11,891.4,891.9,891.0,891.0,5156,13:45:00
2023-10-11,891.0,891.65,891.0,891.05,4836,13:50:00
2023-10-11,891.05,891.45,890.3,891.4,8995,13:55:00
2023-10-11,890.95,891.8,890.8,891.45,5171,14:00:00
2023-10-11,891.45,892.0,890.7,891.5,10429,14:05:00
2023-10-11,891.3,892.0,890.4,891.25,8421,14:10:00
2023-10-11,891.25,891.3,890.3,890.8,14321,14:15:00
2023-10-11,890.75,891.7,890.15,890.55,8336,14:20:00
2023-10-11,890.5,891.05,890.5,890.7,7045,14:25:00
2023-10-11,890.6,891.7,890.45,891.7,6793,14:30:00
2023-10-11,891.55,892.0,890.7,891.45,16362,14:35:00
2023-10-11,891.45,891.85,891.05,891.5,11249,14:40:00
2023-10-11,891.5,891.7,890.85,891.15,11525,14:45:00
2023-10-11,891.25,891.75,890.0,890.35,26229,14:50:00
2023-10-11,890.35,891.2,889.2,889.85,14188,14:55:00
2023-10-11,889.95,890.15,889.35,889.45,13399,15:00:00
2023-10-11,889.55,889.95,888.75,888.95,27646,15:05:00
2023-10-11,889.0,889.0,887.65,888.0,29303,15:10:00
2023-10-11,888.0,889.15,887.85,888.4,30472,15:15:00
2023-10-11,888.45,888.45,887.5,887.75,35177,15:20:00
2023-10-11,887.7,889.8,886.45,887.0,59095,15:25:00
2023-10-11,888.4,888.4,888.4,888.4,0,15:30:00
2023-10-12,890.25,890.35,887.8,890.35,21243,09:15:00
2023-10-12,890.0,891.25,889.4,889.5,14438,09:20:00
2023-10-12,889.95,889.95,887.85,889.1,12861,09:25:00
2023-10-12,889.1,889.15,886.05,886.95,14432,09:30:00
2023-10-12,886.95,886.95,884.15,885.85,13056,09:35:00
2023-10-12,885.85,887.35,885.35,886.95,14446,09:40:00
2023-10-12,886.95,887.25,885.55,885.75,16140,09:45:00
2023-10-12,885.6,886.7,885.45,885.8,4176,09:50:00
2023-10-12,886.1,886.3,884.55,884.55,12367,09:55:00
2023-10-12,884.85,885.55,884.05,884.7,11312,10:00:00
2023-10-12,884.4,885.05,884.1,884.85,5388,10:05:00
2023-10-12,884.85,885.25,884.3,884.95,7087,10:10:00
2023-10-12,884.9,885.2,884.45,885.1,4509,10:15:00
2023-10-12,885.2,886.45,885.2,885.45,5536,10:20:00
2023-10-12,885.5,885.85,884.35,884.8,7062,10:25:00
2023-10-12,884.8,884.95,883.25,883.45,12917,10:30:00
2023-10-12,883.45,884.95,883.35,883.9,8553,10:35:00
2023-10-12,883.9,885.95,883.4,885.35,7915,10:40:00
2023-10-12,885.35,885.85,884.65,885.4,7532,10:45:00
2023-10-12,885.4,888.0,885.1,887.7,10783,10:50:00
2023-10-12,887.65,889.0,887.65,887.7,8956,10:55:00
2023-10-12,887.9,889.45,887.85,889.15,8631,11:00:00
2023-10-12,888.8,891.0,888.8,890.3,19715,11:05:00
2023-10-12,890.85,890.85,888.95,889.1,7674,11:10:00
2023-10-12,889.05,889.2,888.25,889.0,5514,11:15:00
2023-10-12,889.0,889.0,887.5,888.05,3844,11:20:00
2023-10-12,888.05,888.75,887.15,888.0,2267,11:25:00
2023-10-12,887.9,890.95,887.7,890.95,17773,11:30:00
2023-10-12,890.65,892.5,890.65,892.3,38495,11:35:00
2023-10-12,892.0,892.2,891.55,891.8,6692,11:40:00
2023-10-12,891.75,894.0,891.4,893.65,18930,11:45:00
2023-10-12,893.4,893.9,891.4,892.55,34319,11:50:00
2023-10-12,892.55,892.7,891.05,892.25,8534,11:55:00
2023-10-12,892.25,892.25,890.5,890.5,5466,12:00:00
2023-10-12,890.35,892.4,890.3,891.95,24574,12:05:00
2023-10-12,891.95,892.35,890.8,891.3,4743,12:10:00
2023-10-12,890.95,893.15,890.65,892.6,14303,12:15:00
2023-10-12,892.3,893.9,891.75,892.4,27029,12:20:00
2023-10-12,892.35,893.0,892.0,892.15,4372,12:25:00
2023-10-12,892.1,892.95,892.0,892.0,3642,12:30:00
2023-10-12,892.1,893.0,891.35,892.65,8075,12:35:00
2023-10-12,893.0,893.0,891.55,891.75,6575,12:40:00
2023-10-12,891.7,893.45,891.7,893.45,4385,12:45:00
2023-10-12,893.4,893.9,892.55,892.65,5170,12:50:00
2023-10-12,892.65,893.9,892.55,893.2,7579,12:55:00
2023-10-12,892.95,893.95,892.5,893.85,5298,13:00:00
2023-10-12,893.8,893.9,893.0,893.4,5879,13:05:00
2023-10-12,893.25,894.0,893.0,893.8,15066,13:10:00
2023-10-12,893.95,894.0,893.25,893.6,6885,13:15:00
2023-10-12,893.5,894.0,892.65,893.1,4864,13:20:00
2023-10-12,893.0,893.25,891.85,892.75,8131,13:25:00
2023-10-12,892.95,892.95,891.65,892.25,5082,13:30:00
2023-10-12,892.3,892.85,891.7,892.35,5161,13:35:00
2023-10-12,892.4,892.75,892.15,892.45,5449,13:40:00
2023-10-12,892.45,893.85,891.75,893.85,6191,13:45:00
2023-10-12,893.9,894.0,892.5,892.75,10468,13:50:00
2023-10-12,892.9,893.1,892.3,892.4,5135,13:55:00
2023-10-12,892.5,893.0,891.75,892.0,5737,14:00:00
2023-10-12,891.9,892.8,891.75,892.1,4671,14:05:00
2023-10-12,892.05,892.75,891.45,891.65,5237,14:10:00
2023-10-12,891.65,892.6,891.4,892.6,6636,14:15:00
2023-10-12,892.6,892.9,891.85,892.15,5961,14:20:00
2023-10-12,892.0,892.5,891.9,892.2,3796,14:25:00
2023-10-12,892.3,892.75,891.5,892.0,6289,14:30:00
2023-10-12,891.95,892.65,891.35,891.8,5787,14:35:00
2023-10-12,891.8,892.55,891.6,892.5,9622,14:40:00
2023-10-12,892.55,893.0,892.1,892.75,4895,14:45:00
2023-10-12,892.7,892.9,891.95,892.5,3106,14:50:00
2023-10-12,892.5,893.5,892.1,893.25,11668,14:55:00
2023-10-12,893.4,893.5,891.2,891.4,17519,15:00:00
2023-10-12,891.25,893.85,891.15,893.45,16635,15:05:00
2023-10-12,893.45,893.7,892.3,892.75,15164,15:10:00
2023-10-12,892.8,892.8,891.55,892.1,18982,15:15:00
2023-10-12,892.05,892.6,891.4,892.0,21088,15:20:00
2023-10-12,891.5,892.95,891.45,891.7,19895,15:25:00
2023-10-12,892.5,892.5,892.35,892.35,4,15:30:00
2023-10-13,889.35,896.95,889.3,896.4,57255,09:15:00
2023-10-13,896.4,904.95,895.5,900.9,371397,09:20:00
2023-10-13,899.1,902.35,896.65,900.05,183090,09:25:00
2023-10-13,900.05,900.9,898.95,900.0,101054,09:30:00
2023-10-13,900.0,901.5,899.3,901.45,96192,09:35:00
2023-10-13,901.45,905.0,901.0,902.45,112197,09:40:00
2023-10-13,903.3,903.8,902.0,902.3,40180,09:45:00
2023-10-13,902.2,903.95,902.2,903.5,35657,09:50:00
2023-10-13,903.7,903.75,903.0,903.45,21929,09:55:00
2023-10-13,903.5,907.5,903.45,907.5,176328,10:00:00
2023-10-13,907.6,907.8,905.35,907.0,108442,10:05:00
2023-10-13,907.35,907.5,903.55,904.0,70845,10:10:00
2023-10-13,904.05,905.45,903.9,904.1,41494,10:15:00
2023-10-13,904.45,907.0,904.05,906.7,49842,10:20:00
2023-10-13,906.6,911.45,906.6,911.35,268448,10:25:00
2023-10-13,911.4,913.95,910.75,913.35,229810,10:30:00
2023-10-13,913.7,915.35,911.95,915.0,242530,10:35:00
2023-10-13,914.7,915.35,913.1,913.1,108279,10:40:00
2023-10-13,913.1,913.7,912.25,912.65,75817,10:45:00
2023-10-13,912.85,912.85,909.55,910.85,81317,10:50:00
2023-10-13,910.85,912.2,909.6,911.6,63397,10:55:00
2023-10-13,911.8,912.35,910.3,910.85,37907,11:00:00
2023-10-13,910.65,910.95,910.0,910.35,24396,11:05:00
2023-10-13,910.3,911.0,910.0,911.0,25751,11:10:00
2023-10-13,911.0,911.0,910.0,910.85,28225,11:15:00
2023-10-13,910.85,911.25,910.1,911.05,18944,11:20:00
2023-10-13,910.7,911.35,910.2,910.6,24388,11:25:00
2023-10-13,911.05,911.3,909.5,909.75,50969,11:30:00
2023-10-13,909.75,910.0,906.1,906.95,71918,11:35:00
2023-10-13,906.95,907.8,905.15,906.0,60378,11:40:00
2023-10-13,906.0,908.3,905.75,906.85,27932,11:45:00
2023-10-13,906.7,907.15,905.85,906.8,33079,11:50:00
2023-10-13,906.6,907.95,906.0,906.95,31088,11:55:00
2023-10-13,906.85,909.25,906.55,907.5,63859,12:00:00
2023-10-13,907.5,909.9,907.35,909.2,42810,12:05:00
2023-10-13,909.2,909.95,908.6,909.3,52535,12:10:00
2023-10-13,909.25,909.75,908.1,908.45,43478,12:15:00
2023-10-13,908.45,909.9,908.15,909.6,32972,12:20:00
2023-10-13,909.55,911.5,909.15,911.5,60287,12:25:00
2023-10-13,911.4,911.8,910.2,910.9,49574,12:30:00
2023-10-13,910.95,911.95,910.0,911.4,60307,12:35:00
2023-10-13,911.1,914.05,911.05,913.7,63245,12:40:00
2023-10-13,913.9,916.75,913.4,915.85,148126,12:45:00
2023-10-13,915.85,917.5,915.2,915.2,99471,12:50:00
2023-10-13,915.25,916.65,914.5,915.6,75879,12:55:00
2023-10-13,915.95,917.4,915.25,917.4,96271,13:00:00
2023-10-13,917.4,918.0,915.6,915.6,70358,13:05:00
2023-10-13,915.6,916.9,913.65,915.3,74062,13:10:00
2023-10-13,915.3,915.6,912.4,913.6,61208,13:15:00
2023-10-13,913.3,914.25,911.8,912.75,63349,13:20:00
2023-10-13,912.75,915.25,912.15,913.9,74001,13:25:00
2023-10-13,914.0,914.8,913.25,913.4,22173,13:30:00
2023-10-13,913.45,913.45,912.5,912.85,14360,13:35:00
2023-10-13,912.9,914.0,912.45,913.95,15094,13:40:00
2023-10-13,913.55,913.95,912.7,912.8,7136,13:45:00
2023-10-13,912.8,913.9,912.7,912.85,11814,13:50:00
2023-10-13,912.85,913.6,912.5,913.2,11225,13:55:00
2023-10-13,913.2,913.35,911.15,911.15,23892,14:00:00
2023-10-13,911.1,911.8,910.05,911.05,25211,14:05:00
2023-10-13,911.05,911.35,910.7,910.75,10091,14:10:00
2023-10-13,910.75,911.2,910.5,910.55,10633,14:15:00
2023-10-13,910.5,910.95,908.35,909.35,50196,14:20:00
2023-10-13,909.35,909.95,908.55,909.8,13410,14:25:00
2023-10-13,909.8,910.95,909.0,910.5,34920,14:30:00
2023-10-13,910.5,912.9,910.25,912.85,28969,14:35:00
2023-10-13,912.75,913.5,911.7,912.35,27573,14:40:00
2023-10-13,912.35,913.75,911.45,912.35,61574,14:45:00
2023-10-13,912.35,917.15,912.0,915.5,139310,14:50:00
2023-10-13,915.15,916.45,914.65,916.2,80318,14:55:00
2023-10-13,915.8,916.1,914.2,914.2,35778,15:00:00
2023-10-13,914.45,914.45,913.75,913.9,66934,15:05:00
2023-10-13,914.0,914.3,913.9,914.1,29179,15:10:00
2023-10-13,914.0,914.5,912.45,912.85,76667,15:15:00
2023-10-13,912.95,913.15,911.8,912.5,72065,15:20:00
2023-10-13,912.95,912.95,910.1,911.5,47810,15:25:00
2023-10-13,913.35,913.35,913.35,913.35,0,15:30:00
2023-10-16,917.1,917.1,911.45,914.0,160247,09:15:00
2023-10-16,914.3,915.95,912.6,913.0,101645,09:20:00
2023-10-16,913.0,916.35,912.75,915.25,58410,09:25:00
2023-10-16,915.25,916.5,913.95,914.2,60802,09:30:00
2023-10-16,914.45,916.25,912.75,915.9,30274,09:35:00
2023-10-16,915.8,915.95,913.8,913.85,39160,09:40:00
2023-10-16,913.8,915.0,913.05,913.5,34601,09:45:00
2023-10-16,913.5,914.95,913.0,913.95,27751,09:50:00
2023-10-16,913.95,914.0,913.0,913.7,15935,09:55:00
2023-10-16,913.7,913.7,912.4,912.9,16892,10:00:00
2023-10-16,912.9,914.2,912.35,913.9,14797,10:05:00
2023-10-16,914.2,914.2,913.15,913.8,6021,10:10:00
2023-10-16,913.5,913.85,908.35,909.05,53663,10:15:00
2023-10-16,908.85,912.0,908.2,911.45,23421,10:20:00
2023-10-16,911.45,911.55,910.0,910.7,13767,10:25:00
2023-10-16,910.75,910.9,909.65,910.25,8781,10:30:00
2023-10-16,910.25,910.5,909.65,910.3,8347,10:35:00
2023-10-16,909.5,910.1,909.0,910.1,18518,10:40:00
2023-10-16,909.95,909.95,909.05,909.05,5998,10:45:00
2023-10-16,909.05,909.5,908.0,908.9,17138,10:50:00
2023-10-16,909.05,909.85,908.2,909.45,16306,10:55:00
2023-10-16,909.95,909.95,908.35,908.9,14091,11:00:00
2023-10-16,908.9,909.9,908.8,909.55,11797,11:05:00
2023-10-16,909.55,909.55,908.3,909.0,11248,11:10:00
2023-10-16,909.0,909.3,908.15,908.7,7856,11:15:00
2023-10-16,909.1,909.9,908.45,909.55,6132,11:20:00
2023-10-16,909.65,909.75,909.35,909.7,6980,11:25:00
2023-10-16,909.7,911.4,909.7,911.4,12953,11:30:00
2023-10-16,911.4,912.6,911.3,912.6,9678,11:35:00
2023-10-16,912.5,913.7,911.0,911.6,19744,11:40:00
2023-10-16,911.7,912.0,911.05,911.95,10394,11:45:00
2023-10-16,911.95,912.8,911.15,912.75,14397,11:50:00
2023-10-16,912.45,912.85,911.3,911.95,20116,11:55:00
2023-10-16,911.5,912.65,911.3,912.45,15303,12:00:00
2023-10-16,912.45,912.8,911.65,912.8,4925,12:05:00
2023-10-16,912.8,912.95,911.95,912.25,6899,12:10:00
2023-10-16,912.65,912.7,910.7,912.6,14234,12:15:00
2023-10-16,912.6,913.35,912.2,913.35,6385,12:20:00
2023-10-16,913.35,915.0,913.0,914.9,44526,12:25:00
2023-10-16,914.9,915.0,914.2,914.55,14650,12:30:00
2023-10-16,914.55,914.6,913.0,913.95,12774,12:35:00
2023-10-16,913.95,914.1,912.95,914.0,74184,12:40:00
2023-10-16,914.1,914.95,913.2,913.6,12332,12:45:00
2023-10-16,913.65,914.2,913.25,914.0,7925,12:50:00
2023-10-16,914.0,914.5,913.8,914.5,10641,12:55:00
2023-10-16,914.5,914.95,913.2,913.8,11439,13:00:00
2023-10-16,913.8,913.9,912.05,912.9,13722,13:05:00
2023-10-16,912.9,912.9,912.2,912.4,9013,13:10:00
2023-10-16,912.4,912.8,910.55,911.05,12242,13:15:00
2023-10-16,910.65,911.85,910.25,911.4,12393,13:20:00
2023-10-16,911.3,913.55,911.15,912.65,33167,13:25:00
2023-10-16,912.9,913.3,912.0,912.9,6765,13:30:00
2023-10-16,912.9,913.25,912.0,912.3,6332,13:35:00
2023-10-16,912.25,912.65,911.15,911.8,7180,13:40:00
2023-10-16,911.8,912.2,910.85,911.65,12719,13:45:00
2023-10-16,911.75,911.95,911.0,911.5,6927,13:50:00
2023-10-16,911.5,912.0,910.9,911.85,6085,13:55:00
2023-10-16,911.85,912.05,911.05,911.85,7415,14:00:00
2023-10-16,911.75,912.4,910.6,910.95,7228,14:05:00
2023-10-16,910.95,911.25,910.5,910.8,6706,14:10:00
2023-10-16,911.05,911.4,910.1,911.35,13050,14:15:00
2023-10-16,911.35,912.9,910.7,912.4,18133,14:20:00
2023-10-16,912.4,912.4,910.75,911.45,9897,14:25:00
2023-10-16,911.8,911.8,910.5,911.15,8122,14:30:00
2023-10-16,911.15,912.45,910.85,912.05,8188,14:35:00
2023-10-16,912.05,912.05,911.15,912.0,9867,14:40:00
2023-10-16,912.0,912.0,910.3,910.8,13714,14:45:00
2023-10-16,910.15,910.9,909.45,909.45,19963,14:50:00
2023-10-16,909.5,910.0,908.5,908.95,12078,14:55:00
2023-10-16,908.95,910.5,908.75,908.85,29906,15:00:00
2023-10-16,908.9,910.0,908.6,908.6,13629,15:05:00
2023-10-16,909.7,909.8,908.0,908.0,19530,15:10:00
2023-10-16,908.25,908.95,908.0,908.3,31397,15:15:00
2023-10-16,908.3,908.95,907.4,908.05,35326,15:20:00
2023-10-16,908.05,909.5,906.45,909.0,20087,15:25:00
2023-10-16,908.6,908.6,908.6,908.6,0,15:30:00
2023-10-17,912.45,914.45,910.45,913.0,70984,09:15:00
2023-10-17,913.0,916.55,912.9,916.15,75876,09:20:00
2023-10-17,915.65,924.0,915.55,924.0,186595,09:25:00
2023-10-17,923.35,924.5,921.15,921.5,113189,09:30:00
2023-10-17,921.75,922.75,921.15,922.45,54706,09:35:00
2023-10-17,922.45,926.3,922.45,926.0,129879,09:40:00
2023-10-17,926.0,928.0,925.1,926.3,275191,09:45:00
2023-10-17,926.0,926.4,918.85,921.05,241346,09:50:00
2023-10-17,921.05,923.0,920.25,922.95,51900,09:55:00
2023-10-17,922.95,923.7,922.05,922.9,47945,10:00:00
2023-10-17,922.85,923.5,921.55,921.55,34747,10:05:00
2023-10-17,921.55,924.0,920.65,923.7,36385,10:10:00
2023-10-17,923.8,925.0,923.7,924.25,38488,10:15:00
2023-10-17,924.25,924.85,923.15,924.8,34933,10:20:00
2023-10-17,924.8,924.8,923.1,924.5,28356,10:25:00
2023-10-17,924.45,925.0,923.15,923.7,43646,10:30:00
2023-10-17,923.7,924.95,922.35,924.25,25250,10:35:00
2023-10-17,924.25,925.0,923.8,924.35,20917,10:40:00
2023-10-17,924.3,924.85,923.65,924.35,18633,10:45:00
2023-10-17,924.3,924.6,923.25,924.6,28015,10:50:00
2023-10-17,924.6,924.7,923.55,923.8,18019,10:55:00
2023-10-17,923.8,924.2,923.4,924.0,16141,11:00:00
2023-10-17,924.0,924.35,922.05,922.05,25760,11:05:00
2023-10-17,922.5,923.85,922.2,923.7,20627,11:10:00
2023-10-17,923.7,924.3,923.3,924.0,24596,11:15:00
2023-10-17,923.95,924.15,922.8,924.15,13509,11:20:00
2023-10-17,924.0,924.5,922.45,922.95,24668,11:25:00
2023-10-17,922.95,923.65,922.8,923.0,19823,11:30:00
2023-10-17,923.0,923.7,922.65,923.55,13196,11:35:00
2023-10-17,923.55,923.9,923.1,923.85,25225,11:40:00
2023-10-17,923.85,923.95,923.2,923.35,15774,11:45:00
2023-10-17,923.65,923.9,923.0,923.65,32276,11:50:00
2023-10-17,923.65,924.95,923.4,924.9,27441,11:55:00
2023-10-17,925.0,925.0,924.2,924.35,43203,12:00:00
2023-10-17,924.35,925.0,924.0,924.8,16176,12:05:00
2023-10-17,924.95,925.0,924.25,924.8,16453,12:10:00
2023-10-17,924.95,925.0,924.4,924.6,23139,12:15:00
2023-10-17,924.6,924.7,922.45,922.8,24858,12:20:00
2023-10-17,922.8,923.05,921.1,921.3,24424,12:25:00
2023-10-17,921.35,921.35,919.05,921.0,47232,12:30:00
2023-10-17,921.0,923.5,921.0,923.45,19830,12:35:00
2023-10-17,923.45,924.0,922.6,923.7,16300,12:40:00
2023-10-17,924.0,924.35,922.7,923.95,23194,12:45:00
2023-10-17,923.95,924.2,922.65,924.0,15330,12:50:00
2023-10-17,923.6,924.65,923.3,923.6,13467,12:55:00
2023-10-17,923.95,924.25,922.9,923.8,14668,13:00:00
2023-10-17,923.8,924.5,923.15,924.3,14747,13:05:00
2023-10-17,924.5,924.65,923.85,924.2,13743,13:10:00
2023-10-17,924.2,924.45,923.7,923.75,10967,13:15:00
2023-10-17,923.75,924.0,923.5,923.5,8561,13:20:00
2023-10-17,923.55,924.5,922.8,922.8,23481,13:25:00
2023-10-17,923.0,923.05,921.4,921.7,11351,13:30:00
2023-10-17,921.7,921.7,919.1,919.3,22585,13:35:00
2023-10-17,919.2,920.35,918.65,920.15,23709,13:40:00
2023-10-17,920.05,920.45,919.8,920.0,36692,13:45:00
2023-10-17,920.0,920.15,918.1,918.9,86059,13:50:00
2023-10-17,918.9,920.0,918.05,918.2,54011,13:55:00
2023-10-17,918.25,918.25,915.6,915.85,35929,14:00:00
2023-10-17,915.8,917.05,915.2,915.2,16652,14:05:00
2023-10-17,915.2,915.65,913.55,913.7,32590,14:10:00
2023-10-17,913.7,914.65,913.5,913.7,19496,14:15:00
2023-10-17,914.0,915.1,913.15,913.15,26465,14:20:00
2023-10-17,913.5,913.5,911.7,912.5,19955,14:25:00
2023-10-17,912.5,912.85,912.0,912.25,10839,14:30:00
2023-10-17,912.0,912.85,911.55,912.05,15663,14:35:00
2023-10-17,912.1,912.25,910.2,910.8,35188,14:40:00
2023-10-17,910.6,911.5,910.0,910.4,51183,14:45:00
2023-10-17,910.4,911.15,910.0,910.05,27472,14:50:00
2023-10-17,910.05,910.25,908.55,909.35,46414,14:55:00
2023-10-17,909.25,910.0,907.35,908.8,91881,15:00:00
2023-10-17,908.8,909.15,907.45,908.45,80764,15:05:00
2023-10-17,908.55,908.85,907.9,907.9,57738,15:10:00
2023-10-17,908.0,908.0,906.55,908.0,88257,15:15:00
2023-10-17,907.85,908.5,906.05,906.05,85831,15:20:00
2023-10-17,906.1,907.5,905.15,907.0,47574,15:25:00
2023-10-17,907.85,907.85,907.85,907.85,0,15:30:00
2023-10-18,914.1,914.1,899.0,902.15,80868,09:15:00
2023-10-18,902.2,902.7,899.05,900.7,39439,09:20:00
2023-10-18,900.7,901.75,900.2,901.4,22707,09:25:00
2023-10-18,901.2,901.35,899.55,899.65,25419,09:30:00
2023-10-18,899.85,900.0,897.5,899.2,36209,09:35:00
2023-10-18,899.7,901.7,899.05,901.5,18918,09:40:00
2023-10-18,901.5,902.8,900.05,900.75,32684,09:45:00
2023-10-18,900.55,904.0,900.5,903.15,23047,09:50:00
2023-10-18,903.15,903.9,902.6,903.65,13148,09:55:00
2023-10-18,903.8,905.25,903.6,904.95,17808,10:00:00
2023-10-18,904.95,906.8,904.55,906.4,24634,10:05:00
2023-10-18,906.0,906.45,904.2,905.0,8674,10:10:00
2023-10-18,905.0,905.0,903.7,903.7,13993,10:15:00
2023-10-18,903.75,905.25,903.6,904.8,8830,10:20:00
2023-10-18,904.8,905.5,904.6,905.1,5166,10:25:00
2023-10-18,905.3,905.5,904.1,905.5,8096,10:30:00
2023-10-18,905.5,905.5,904.6,904.6,5532,10:35:00
2023-10-18,904.5,905.4,904.5,904.75,10132,10:40:00
2023-10-18,904.6,905.2,903.6,905.0,7801,10:45:00
2023-10-18,904.9,905.5,904.25,905.0,9262,10:50:00
2023-10-18,904.95,905.5,904.15,905.2,8416,10:55:00
2023-10-18,905.3,905.35,904.55,905.0,9232,11:00:00
2023-10-18,904.95,905.05,903.45,903.45,17958,11:05:00
2023-10-18,903.55,903.8,902.2,903.2,18571,11:10:00
2023-10-18,903.15,903.7,902.25,902.85,21294,11:15:00
2023-10-18,902.9,903.5,902.15,903.45,8546,11:20:00
2023-10-18,903.45,904.0,903.2,903.35,5156,11:25:00
2023-10-18,903.3,903.9,903.0,903.35,4772,11:30:00
2023-10-18,903.2,903.2,901.85,902.1,13159,11:35:00
2023-10-18,902.1,902.1,901.65,901.85,4078,11:40:00
2023-10-18,901.8,901.9,901.1,901.1,4982,11:45:00
2023-10-18,901.05,901.35,901.0,901.1,4993,11:50:00
2023-10-18,901.1,901.3,899.1,899.45,13084,11:55:00
2023-10-18,899.4,900.1,899.1,899.85,8348,12:00:00
2023-10-18,899.8,900.4,899.5,899.95,6008,12:05:00
2023-10-18,900.0,900.0,899.65,900.0,2779,12:10:00
2023-10-18,899.95,900.65,899.7,900.0,16239,12:15:00
2023-10-18,900.1,900.35,898.65,899.25,12608,12:20:00
2023-10-18,899.2,900.45,899.15,900.0,47990,12:25:00
2023-10-18,900.1,900.1,895.0,895.65,57504,12:30:00
2023-10-18,895.65,897.5,895.0,897.0,19517,12:35:00
2023-10-18,897.0,899.0,897.0,898.25,10273,12:40:00
2023-10-18,898.55,899.15,898.25,898.4,10516,12:45:00
2023-10-18,898.35,898.45,897.85,897.85,6134,12:50:00
2023-10-18,897.85,897.95,896.4,897.45,9118,12:55:00
2023-10-18,897.4,897.55,896.35,896.65,12967,13:00:00
2023-10-18,896.65,897.35,894.6,895.35,24221,13:05:00
2023-10-18,895.45,896.75,895.35,896.5,11210,13:10:00
2023-10-18,896.5,896.6,895.65,896.05,9438,13:15:00
2023-10-18,896.05,896.25,895.0,895.5,7399,13:20:00
2023-10-18,895.6,896.4,895.55,895.95,6869,13:25:00
2023-10-18,895.95,896.25,895.2,895.35,7473,13:30:00
2023-10-18,895.35,895.8,894.95,895.5,10231,13:35:00
2023-10-18,895.45,895.5,894.8,895.45,11970,13:40:00
2023-10-18,895.4,895.7,894.7,895.7,5761,13:45:00
2023-10-18,895.6,898.7,895.45,898.7,12848,13:50:00
2023-10-18,898.6,899.65,897.5,898.15,15092,13:55:00
2023-10-18,898.05,899.1,897.65,898.0,10140,14:00:00
2023-10-18,897.8,898.15,897.0,898.0,8587,14:05:00
2023-10-18,898.0,899.0,897.55,898.6,7104,14:10:00
2023-10-18,898.6,899.4,896.7,897.15,11600,14:15:00
2023-10-18,897.05,897.6,896.0,896.35,8683,14:20:00
2023-10-18,896.35,896.5,895.3,896.05,8521,14:25:00
2023-10-18,896.05,897.5,895.6,895.95,10036,14:30:00
2023-10-18,895.85,896.35,894.7,895.85,7676,14:35:00
2023-10-18,895.85,895.85,893.3,893.3,28739,14:40:00
2023-10-18,893.2,894.75,892.1,894.45,33657,14:45:00
2023-10-18,894.45,894.65,893.5,893.75,11402,14:50:00
2023-10-18,894.0,894.0,893.55,893.55,8070,14:55:00
2023-10-18,893.65,896.35,893.5,895.75,32111,15:00:00
2023-10-18,895.75,896.35,894.65,895.05,16943,15:05:00
2023-10-18,895.1,896.0,895.1,895.65,23056,15:10:00
2023-10-18,895.4,896.5,895.0,896.5,29435,15:15:00
2023-10-18,896.4,897.1,895.45,896.7,48202,15:20:00
2023-10-18,896.7,896.85,895.15,895.35,25185,15:25:00
2023-10-18,895.25,895.7,895.25,895.7,508,15:30:00
2023-10-19,894.7,894.7,886.6,887.25,78559,09:15:00
2023-10-19,886.85,887.7,883.1,883.55,40086,09:20:00
2023-10-19,883.15,884.85,881.0,881.4,65762,09:25:00
2023-10-19,881.4,881.95,879.05,881.7,35905,09:30:00
2023-10-19,881.5,883.4,880.85,882.65,26648,09:35:00
2023-10-19,882.65,883.8,880.7,880.7,26526,09:40:00
2023-10-19,880.9,881.2,879.9,880.25,13550,09:45:00
2023-10-19,880.25,882.25,880.0,880.75,20226,09:50:00
2023-10-19,880.7,883.65,880.7,883.0,20887,09:55:00
2023-10-19,883.0,884.0,882.45,883.8,18169,10:00:00
2023-10-19,883.95,884.0,882.25,882.65,19897,10:05:00
2023-10-19,882.9,882.95,881.5,881.75,17992,10:10:00
2023-10-19,881.75,883.25,881.55,882.3,14014,10:15:00
2023-10-19,882.65,882.85,881.0,882.55,15381,10:20:00
2023-10-19,882.5,882.95,881.9,882.5,8096,10:25:00
2023-10-19,882.5,882.9,882.35,882.55,6368,10:30:00
2023-10-19,882.6,882.6,881.0,881.25,14354,10:35:00
2023-10-19,881.25,882.4,881.0,882.35,13983,10:40:00
2023-10-19,882.0,882.8,882.0,882.2,16782,10:45:00
2023-10-19,882.55,882.55,882.0,882.45,5415,10:50:00
2023-10-19,882.25,883.25,882.0,883.25,23424,10:55:00
2023-10-19,883.1,886.7,882.75,885.75,28489,11:00:00
2023-10-19,885.75,886.75,885.7,886.05,15147,11:05:00
2023-10-19,886.05,888.0,885.8,886.05,25102,11:10:00
2023-10-19,886.35,887.6,886.0,886.35,4732,11:15:00
2023-10-19,886.25,887.0,885.85,886.75,13781,11:20:00
2023-10-19,887.0,890.0,886.65,889.05,31874,11:25:00
2023-10-19,889.15,890.85,889.15,890.05,30274,11:30:00
2023-10-19,890.05,891.75,890.05,890.3,22836,11:35:00
2023-10-19,890.5,890.9,889.7,890.2,7645,11:40:00
2023-10-19,890.15,892.8,890.15,892.35,26670,11:45:00
2023-10-19,892.35,893.0,892.2,893.0,12568,11:50:00
2023-10-19,892.65,893.0,892.0,892.15,10137,11:55:00
2023-10-19,892.15,892.75,890.1,890.95,9352,12:00:00
2023-10-19,890.95,892.85,890.95,892.85,12580,12:05:00
2023-10-19,892.65,892.95,891.6,891.75,4511,12:10:00
2023-10-19,891.7,892.7,890.85,891.7,6725,12:15:00
2023-10-19,891.55,893.6,891.3,892.05,26535,12:20:00
2023-10-19,892.0,893.15,891.65,892.75,6329,12:25:00
2023-10-19,892.75,894.0,892.3,893.6,5779,12:30:00
2023-10-19,893.6,894.9,893.35,893.7,12010,12:35:00
2023-10-19,893.85,894.6,893.5,893.5,10125,12:40:00
2023-10-19,893.5,897.35,893.5,896.85,23817,12:45:00
2023-10-19,896.85,898.7,896.5,897.6,28438,12:50:00
2023-10-19,897.95,898.0,895.25,896.35,14632,12:55:00
2023-10-19,896.8,897.3,896.0,896.25,9981,13:00:00
2023-10-19,896.45,897.1,896.0,896.05,8148,13:05:00
2023-10-19,896.35,897.1,895.0,896.5,12008,13:10:00
2023-10-19,896.5,899.05,896.3,897.15,20947,13:15:00
2023-10-19,897.15,897.9,896.0,896.55,9973,13:20:00
2023-10-19,896.55,899.0,896.3,898.55,10267,13:25:00
2023-10-19,898.55,899.45,897.7,898.55,16633,13:30:00
2023-10-19,898.55,900.4,898.5,900.25,21474,13:35:00
2023-10-19,900.05,900.35,896.35,896.35,20717,13:40:00
2023-10-19,896.35,897.95,896.15,897.0,14021,13:45:00
2023-10-19,897.0,897.65,895.6,895.85,18233,13:50:00
2023-10-19,895.85,897.45,895.85,896.6,13240,13:55:00
2023-10-19,896.35,897.0,895.75,895.9,14696,14:00:00
2023-10-19,895.9,896.35,894.65,895.0,18176,14:05:00
2023-10-19,895.1,896.05,895.0,895.0,11518,14:10:00
2023-10-19,895.3,895.3,894.0,894.65,16718,14:15:00
2023-10-19,894.65,895.4,894.5,894.5,12396,14:20:00
2023-10-19,894.55,895.45,894.2,894.4,13344,14:25:00
2023-10-19,894.25,895.9,892.1,895.0,26527,14:30:00
2023-10-19,895.1,895.9,894.1,894.55,20066,14:35:00
2023-10-19,894.8,895.4,893.5,894.05,15181,14:40:00
2023-10-19,894.05,894.5,892.4,893.75,19817,14:45:00
2023-10-19,893.65,895.85,893.4,895.1,17169,14:50:00
2023-10-19,895.15,896.5,895.0,895.5,13299,14:55:00
2023-10-19,895.5,896.0,895.0,895.75,22042,15:00:00
2023-10-19,895.75,896.7,894.85,895.0,22990,15:05:00
2023-10-19,895.05,895.5,895.0,895.2,18113,15:10:00
2023-10-19,895.2,896.5,895.1,895.85,33667,15:15:00
2023-10-19,895.9,896.6,895.0,895.0,31094,15:20:00
2023-10-19,895.05,895.25,895.0,895.0,35740,15:25:00
2023-10-19,895.0,895.4,895.0,895.4,1,15:30:00
2023-10-20,893.4,894.65,891.95,892.5,323650,09:55:00
2023-10-20,892.5,892.9,891.35,892.85,13025,10:00:00
2023-10-20,892.85,893.0,892.25,893.0,9318,10:05:00
2023-10-20,892.85,893.0,892.1,892.25,12282,10:10:00
2023-10-20,892.2,892.25,890.15,890.4,14365,10:15:00
2023-10-20,890.4,890.5,889.05,889.75,28924,10:20:00
2023-10-20,889.75,891.1,888.65,891.0,18926,10:25:00
2023-10-20,890.0,891.35,889.05,890.55,20020,10:30:00
2023-10-20,890.55,891.9,890.35,891.55,10945,10:35:00
2023-10-20,891.55,892.35,890.0,891.35,18519,10:40:00
2023-10-20,891.3,893.1,890.4,893.1,11435,10:45:00
2023-10-20,892.6,893.3,891.85,893.05,19932,10:50:00
2023-10-20,893.05,894.55,892.25,893.7,18324,10:55:00
2023-10-20,893.4,893.7,891.1,892.5,14962,11:00:00
2023-10-20,892.7,893.0,891.0,891.05,10589,11:05:00
2023-10-20,891.4,891.95,891.0,891.75,8605,11:10:00
2023-10-20,891.75,891.95,890.45,891.45,10509,11:15:00
2023-10-20,891.45,892.4,890.9,891.0,8446,11:20:00
2023-10-20,891.0,892.4,890.6,890.6,11705,11:25:00
2023-10-20,890.6,891.7,890.6,891.25,11538,11:30:00
2023-10-20,891.25,891.9,890.95,891.4,10215,11:35:00
2023-10-20,891.1,892.95,890.55,892.7,17729,11:40:00
2023-10-20,892.7,894.6,892.2,893.8,53700,11:45:00
2023-10-20,893.8,894.0,891.55,892.85,19601,11:50:00
2023-10-20,892.4,893.9,891.95,893.05,20167,11:55:00
2023-10-20,893.05,893.05,890.35,890.5,21557,12:00:00
2023-10-20,890.5,891.4,890.35,891.1,11186,12:05:00
2023-10-20,891.1,894.0,891.05,892.35,22200,12:10:00
2023-10-20,892.25,894.45,891.75,894.45,17262,12:15:00
2023-10-20,894.4,894.5,893.1,894.5,13520,12:20:00
2023-10-20,894.5,895.5,894.25,894.9,17007,12:25:00
2023-10-20,894.9,895.45,894.05,894.55,12984,12:30:00
2023-10-20,894.55,895.15,893.8,894.0,12237,12:35:00
2023-10-20,894.0,894.2,893.15,893.45,14566,12:40:00
2023-10-20,893.45,893.65,891.55,891.6,37252,12:45:00
2023-10-20,891.4,894.35,890.3,894.0,34451,12:50:00
2023-10-20,894.0,895.4,893.05,893.25,17239,12:55:00
2023-10-20,893.25,894.4,893.05,893.7,17253,13:00:00
2023-10-20,893.7,894.85,893.4,894.2,12417,13:05:00
2023-10-20,894.2,894.4,893.35,893.95,16213,13:10:00
2023-10-20,894.25,896.0,894.0,895.6,20847,13:15:00
2023-10-20,895.6,895.85,894.75,894.95,16164,13:20:00
2023-10-20,894.95,895.3,894.85,895.3,13467,13:25:00
2023-10-20,895.3,895.3,893.0,893.5,14760,13:30:00
2023-10-20,893.5,894.6,893.35,894.4,11320,13:35:00
2023-10-20,894.15,894.3,893.25,893.7,8724,13:40:00
2023-10-20,893.7,893.7,891.55,892.25,8823,13:45:00
2023-10-20,892.1,892.5,890.95,891.8,11906,13:50:00
2023-10-20,891.8,892.2,891.1,891.4,9351,13:55:00
2023-10-20,891.4,891.4,890.3,890.65,12774,14:00:00
2023-10-20,890.5,890.65,889.65,890.1,9830,14:05:00
2023-10-20,890.1,890.65,889.2,890.2,14531,14:10:00
2023-10-20,890.2,890.9,889.85,890.5,12002,14:15:00
2023-10-20,890.4,892.85,890.05,892.8,16149,14:20:00
2023-10-20,892.8,892.85,890.95,891.3,11424,14:25:00
2023-10-20,891.35,891.85,890.65,891.65,10973,14:30:00
2023-10-20,891.65,891.65,890.45,891.0,8548,14:35:00
2023-10-20,890.4,891.25,890.4,891.0,11993,14:40:00
2023-10-20,891.0,891.0,890.0,890.2,50460,14:45:00
2023-10-20,890.2,890.85,889.8,890.85,12764,14:50:00
2023-10-20,891.0,891.5,889.15,890.85,126263,14:55:00
2023-10-20,891.35,896.15,891.25,896.15,89286,15:00:00
2023-10-20,896.1,898.95,896.1,898.9,147276,15:05:00
2023-10-20,898.9,900.25,898.75,900.25,142518,15:10:00
2023-10-20,900.25,900.7,898.8,899.6,149090,15:15:00
2023-10-20,899.9,901.6,899.4,900.7,168793,15:20:00
2023-10-20,900.05,901.0,898.0,899.95,155400,15:25:00
2023-10-20,899.95,899.95,898.95,898.95,34388,15:30:00
